[{"pk": 1, "model": "auth.permission", "fields": {"codename": "add_permission", "name": "Can add permission", "content_type": 1}}, {"pk": 2, "model": "auth.permission", "fields": {"codename": "change_permission", "name": "Can change permission", "content_type": 1}}, {"pk": 3, "model": "auth.permission", "fields": {"codename": "delete_permission", "name": "Can delete permission", "content_type": 1}}, {"pk": 4, "model": "auth.permission", "fields": {"codename": "add_group", "name": "Can add group", "content_type": 2}}, {"pk": 5, "model": "auth.permission", "fields": {"codename": "change_group", "name": "Can change group", "content_type": 2}}, {"pk": 6, "model": "auth.permission", "fields": {"codename": "delete_group", "name": "Can delete group", "content_type": 2}}, {"pk": 7, "model": "auth.permission", "fields": {"codename": "add_user", "name": "Can add user", "content_type": 3}}, {"pk": 8, "model": "auth.permission", "fields": {"codename": "change_user", "name": "Can change user", "content_type": 3}}, {"pk": 9, "model": "auth.permission", "fields": {"codename": "delete_user", "name": "Can delete user", "content_type": 3}}, {"pk": 10, "model": "auth.permission", "fields": {"codename": "add_contenttype", "name": "Can add content type", "content_type": 4}}, {"pk": 11, "model": "auth.permission", "fields": {"codename": "change_contenttype", "name": "Can change content type", "content_type": 4}}, {"pk": 12, "model": "auth.permission", "fields": {"codename": "delete_contenttype", "name": "Can delete content type", "content_type": 4}}, {"pk": 13, "model": "auth.permission", "fields": {"codename": "add_session", "name": "Can add session", "content_type": 5}}, {"pk": 14, "model": "auth.permission", "fields": {"codename": "change_session", "name": "Can change session", "content_type": 5}}, {"pk": 15, "model": "auth.permission", "fields": {"codename": "delete_session", "name": "Can delete session", "content_type": 5}}, {"pk": 16, "model": "auth.permission", "fields": {"codename": "add_site", "name": "Can add site", "content_type": 6}}, {"pk": 17, "model": "auth.permission", "fields": {"codename": "change_site", "name": "Can change site", "content_type": 6}}, {"pk": 18, "model": "auth.permission", "fields": {"codename": "delete_site", "name": "Can delete site", "content_type": 6}}, {"pk": 19, "model": "auth.permission", "fields": {"codename": "add_link", "name": "Can add link", "content_type": 7}}, {"pk": 20, "model": "auth.permission", "fields": {"codename": "change_link", "name": "Can change link", "content_type": 7}}, {"pk": 21, "model": "auth.permission", "fields": {"codename": "delete_link", "name": "Can delete link", "content_type": 7}}, {"pk": 22, "model": "auth.permission", "fields": {"codename": "add_bookmark", "name": "Can add bookmark", "content_type": 8}}, {"pk": 23, "model": "auth.permission", "fields": {"codename": "change_bookmark", "name": "Can change bookmark", "content_type": 8}}, {"pk": 24, "model": "auth.permission", "fields": {"codename": "delete_bookmark", "name": "Can delete bookmark", "content_type": 8}}, {"pk": 25, "model": "auth.permission", "fields": {"codename": "add_tag", "name": "Can add tag", "content_type": 9}}, {"pk": 26, "model": "auth.permission", "fields": {"codename": "change_tag", "name": "Can change tag", "content_type": 9}}, {"pk": 27, "model": "auth.permission", "fields": {"codename": "delete_tag", "name": "Can delete tag", "content_type": 9}}, {"pk": 28, "model": "auth.permission", "fields": {"codename": "add_sharedbookmark", "name": "Can add shared bookmark", "content_type": 10}}, {"pk": 29, "model": "auth.permission", "fields": {"codename": "change_sharedbookmark", "name": "Can change shared bookmark", "content_type": 10}}, {"pk": 30, "model": "auth.permission", "fields": {"codename": "delete_sharedbookmark", "name": "Can delete shared bookmark", "content_type": 10}}, {"pk": 31, "model": "auth.permission", "fields": {"codename": "add_comment", "name": "Can add comment", "content_type": 11}}, {"pk": 32, "model": "auth.permission", "fields": {"codename": "change_comment", "name": "Can change comment", "content_type": 11}}, {"pk": 33, "model": "auth.permission", "fields": {"codename": "delete_comment", "name": "Can delete comment", "content_type": 11}}, {"pk": 34, "model": "auth.permission", "fields": {"codename": "can_moderate", "name": "Can moderate comments", "content_type": 11}}, {"pk": 35, "model": "auth.permission", "fields": {"codename": "add_commentflag", "name": "Can add comment flag", "content_type": 12}}, {"pk": 36, "model": "auth.permission", "fields": {"codename": "change_commentflag", "name": "Can change comment flag", "content_type": 12}}, {"pk": 37, "model": "auth.permission", "fields": {"codename": "delete_commentflag", "name": "Can delete comment flag", "content_type": 12}}, {"pk": 38, "model": "auth.permission", "fields": {"codename": "add_logentry", "name": "Can add log entry", "content_type": 13}}, {"pk": 39, "model": "auth.permission", "fields": {"codename": "change_logentry", "name": "Can change log entry", "content_type": 13}}, {"pk": 40, "model": "auth.permission", "fields": {"codename": "delete_logentry", "name": "Can delete log entry", "content_type": 13}}, {"pk": 44, "model": "auth.permission", "fields": {"codename": "add_friendship", "name": "Can add friendship", "content_type": 15}}, {"pk": 45, "model": "auth.permission", "fields": {"codename": "change_friendship", "name": "Can change friendship", "content_type": 15}}, {"pk": 46, "model": "auth.permission", "fields": {"codename": "delete_friendship", "name": "Can delete friendship", "content_type": 15}}, {"pk": 47, "model": "auth.permission", "fields": {"codename": "add_invitation", "name": "Can add invitation", "content_type": 16}}, {"pk": 48, "model": "auth.permission", "fields": {"codename": "change_invitation", "name": "Can change invitation", "content_type": 16}}, {"pk": 49, "model": "auth.permission", "fields": {"codename": "delete_invitation", "name": "Can delete invitation", "content_type": 16}}, {"pk": 1, "model": "auth.user", "fields": {"username": "lu", "first_name": "", "last_name": "", "is_active": true, "is_superuser": true, "is_staff": true, "last_login": "2013-09-25T12:55:58.841Z", "groups": [], "user_permissions": [], "password": "pbkdf2_sha256$10000$BSBiGt39VDoi$hYI08jqg2ZzbXER09rARAu2gcMw0SsWkSPMLeBmb9fc=", "email": "interlu1990@gmail.com", "date_joined": "2013-08-04T16:09:28.330Z"}}, {"pk": 2, "model": "auth.user", "fields": {"username": "root", "first_name": "", "last_name": "", "is_active": true, "is_superuser": false, "is_staff": false, "last_login": "2013-08-11T13:11:42.222Z", "groups": [], "user_permissions": [], "password": "pbkdf2_sha256$10000$XYh8fA3IAFHu$LjitGEyw2lwC9RKvW7igZVjlYthtczpHAXwAxmP1F/Y=", "email": "199@gg.com", "date_joined": "2013-08-11T13:11:20.907Z"}}, {"pk": 3, "model": "auth.user", "fields": {"username": "lu2", "first_name": "", "last_name": "", "is_active": true, "is_superuser": false, "is_staff": false, "last_login": "2013-08-12T13:19:51.321Z", "groups": [], "user_permissions": [], "password": "pbkdf2_sha256$10000$grLiU4yBNU0B$zeR0ncmhGgwsVC4sk0Qs0sHM+E9PCBsaIKq5jInHtPc=", "email": "123@11.com", "date_joined": "2013-08-12T13:19:08.481Z"}}, {"pk": 4, "model": "auth.user", "fields": {"username": "lu3", "first_name": "", "last_name": "", "is_active": true, "is_superuser": false, "is_staff": false, "last_login": "2013-08-12T13:20:11.728Z", "groups": [], "user_permissions": [], "password": "pbkdf2_sha256$10000$vNRy0kcJ00TH$T6tvtqb7oBFMXOJfabCNqRkNYO4GqjNw4SyNPMqOnZA=", "email": "231@qq.com", "date_joined": "2013-08-12T13:20:11.728Z"}}, {"pk": 5, "model": "auth.user", "fields": {"username": "interlu", "first_name": "", "last_name": "", "is_active": true, "is_superuser": false, "is_staff": false, "last_login": "2013-09-09T12:49:31.806Z", "groups": [], "user_permissions": [], "password": "pbkdf2_sha256$10000$h5aY5eGiVTTF$bl3M7nk0AA3LLuXAnUscpC16Xrp5AD+FbUIUvjjaT2o=", "email": "3463@qq.com", "date_joined": "2013-08-27T13:08:26.519Z"}}, {"pk": 6, "model": "auth.user", "fields": {"username": "lil", "first_name": "", "last_name": "", "is_active": true, "is_superuser": false, "is_staff": false, "last_login": "2013-09-22T12:48:27.375Z", "groups": [], "user_permissions": [], "password": "pbkdf2_sha256$10000$PB5KpXOGhTw7$kOWUx0aJPszRSI7x660RW8s8tP2LFcFkUrEsP7NGfTI=", "email": "lil@qq.com", "date_joined": "2013-09-22T12:48:10.172Z"}}, {"pk": 7, "model": "auth.user", "fields": {"username": "1111", "first_name": "", "last_name": "", "is_active": true, "is_superuser": false, "is_staff": false, "last_login": "2013-09-25T13:22:04.640Z", "groups": [], "user_permissions": [], "password": "pbkdf2_sha256$10000$g6qZUEi9N0je$KE8/BLbe1Osw8VuqUpH/UcXbBKl62EnYdN6wrkMe8x8=", "email": "lu@123.com", "date_joined": "2013-09-25T13:22:04.640Z"}}, {"pk": "1gf5v9zlh2g4l0z5rdipa0jj7q3fp6wt", "model": "sessions.session", "fields": {"expire_date": "2013-08-30T13:31:33.603Z", "session_data": "OGJmMmU2ZDA0ODE2NjNkOTZmOThhOWI1MGJhYjRiMTRlY2EzNDBkZTqAAn1xAShVEl9hdXRoX3VzZXJfYmFja2VuZHECVSlkamFuZ28uY29udHJpYi5hdXRoLmJhY2tlbmRzLk1vZGVsQmFja2VuZHEDVQ1fYXV0aF91c2VyX2lkcQRLAXUu"}}, {"pk": "fz0tju44vcoyl3qha5g9z1ljbvp8zqps", "model": "sessions.session", "fields": {"expire_date": "2013-10-08T13:22:23.580Z", "session_data": "Yjc0NDlmYTM1NTI4OTkzNjA0N2EyNzVlMGY5ZTMzODRhYjVkY2M0MzqAAn1xAShVEl9hdXRoX3VzZXJfYmFja2VuZFUpZGphbmdvLmNvbnRyaWIuYXV0aC5iYWNrZW5kcy5Nb2RlbEJhY2tlbmRVDV9hdXRoX3VzZXJfaWRLAVUPZGphbmdvX2xhbmd1YWdlWAIAAABlbnECdS4="}}, {"pk": "mw2vvnhaonroigv96jrrllgurinl2ycs", "model": "sessions.session", "fields": {"expire_date": "2013-09-14T13:52:04.644Z", "session_data": "OGJmMmU2ZDA0ODE2NjNkOTZmOThhOWI1MGJhYjRiMTRlY2EzNDBkZTqAAn1xAShVEl9hdXRoX3VzZXJfYmFja2VuZHECVSlkamFuZ28uY29udHJpYi5hdXRoLmJhY2tlbmRzLk1vZGVsQmFja2VuZHEDVQ1fYXV0aF91c2VyX2lkcQRLAXUu"}}, {"pk": "ns17ipdiwcht855uy3bcjqe90n0xh2fa", "model": "sessions.session", "fields": {"expire_date": "2013-08-28T14:09:40.642Z", "session_data": "OGJmMmU2ZDA0ODE2NjNkOTZmOThhOWI1MGJhYjRiMTRlY2EzNDBkZTqAAn1xAShVEl9hdXRoX3VzZXJfYmFja2VuZHECVSlkamFuZ28uY29udHJpYi5hdXRoLmJhY2tlbmRzLk1vZGVsQmFja2VuZHEDVQ1fYXV0aF91c2VyX2lkcQRLAXUu"}}, {"pk": "otfj0ogelt757pffjmq9ppc1k32xkyom", "model": "sessions.session", "fields": {"expire_date": "2013-10-06T12:48:27.774Z", "session_data": "NTMyYzAxMjEzNWM5MjczNGNkMzYxNmIwNDI5MzZiNzVmZDE0MTYyNDqAAn1xAShVEl9hdXRoX3VzZXJfYmFja2VuZHECVSlkamFuZ28uY29udHJpYi5hdXRoLmJhY2tlbmRzLk1vZGVsQmFja2VuZHEDVQ1fYXV0aF91c2VyX2lkcQRLBnUu"}}, {"pk": "xdqxjuhgqwoxd6qfwmx50iidaspa1xj9", "model": "sessions.session", "fields": {"expire_date": "2013-10-09T12:55:58.954Z", "session_data": "OGJmMmU2ZDA0ODE2NjNkOTZmOThhOWI1MGJhYjRiMTRlY2EzNDBkZTqAAn1xAShVEl9hdXRoX3VzZXJfYmFja2VuZHECVSlkamFuZ28uY29udHJpYi5hdXRoLmJhY2tlbmRzLk1vZGVsQmFja2VuZHEDVQ1fYXV0aF91c2VyX2lkcQRLAXUu"}}, {"pk": 1, "model": "sites.site", "fields": {"domain": "example.com", "name": "example.com"}}, {"pk": 1, "model": "bookmarks.link", "fields": {"url": "http://www.packtpub.com/"}}, {"pk": 2, "model": "bookmarks.link", "fields": {"url": "http://www.example.com/"}}, {"pk": 3, "model": "bookmarks.link", "fields": {"url": "http://123.sogou.com/"}}, {"pk": 4, "model": "bookmarks.link", "fields": {"url": "http://www.baidu.com/"}}, {"pk": 5, "model": "bookmarks.link", "fields": {"url": "http://google.cn/"}}, {"pk": 6, "model": "bookmarks.link", "fields": {"url": "http://www.sina.com/"}}, {"pk": 7, "model": "bookmarks.link", "fields": {"url": "http://www.sohu.com/"}}, {"pk": 8, "model": "bookmarks.link", "fields": {"url": "http://www.163.com/"}}, {"pk": 9, "model": "bookmarks.link", "fields": {"url": "http://www.people.com.cn/"}}, {"pk": 10, "model": "bookmarks.link", "fields": {"url": "http://weibo.com/"}}, {"pk": 11, "model": "bookmarks.link", "fields": {"url": "https://123.com/"}}, {"pk": 12, "model": "bookmarks.link", "fields": {"url": "https://1234.html/"}}, {"pk": 13, "model": "bookmarks.link", "fields": {"url": "http://www.456.com/"}}, {"pk": 14, "model": "bookmarks.link", "fields": {"url": "http://www.567.com/"}}, {"pk": 15, "model": "bookmarks.link", "fields": {"url": "http://www.789.com/"}}, {"pk": 16, "model": "bookmarks.link", "fields": {"url": "http://www.1234345.com/"}}, {"pk": 17, "model": "bookmarks.link", "fields": {"url": "http://ww.23113.com/"}}, {"pk": 18, "model": "bookmarks.link", "fields": {"url": "http://www.python.org/"}}, {"pk": 1, "model": "bookmarks.bookmark", "fields": {"link": 1, "user": 1, "title": "Packt Publishing"}}, {"pk": 2, "model": "bookmarks.bookmark", "fields": {"link": 3, "user": 1, "title": "sougou home"}}, {"pk": 3, "model": "bookmarks.bookmark", "fields": {"link": 4, "user": 1, "title": "baidu"}}, {"pk": 4, "model": "bookmarks.bookmark", "fields": {"link": 5, "user": 1, "title": "google"}}, {"pk": 5, "model": "bookmarks.bookmark", "fields": {"link": 6, "user": 1, "title": "Sina"}}, {"pk": 6, "model": "bookmarks.bookmark", "fields": {"link": 7, "user": 1, "title": "sohu"}}, {"pk": 7, "model": "bookmarks.bookmark", "fields": {"link": 8, "user": 1, "title": "Netease"}}, {"pk": 8, "model": "bookmarks.bookmark", "fields": {"link": 9, "user": 1, "title": "renmingwang"}}, {"pk": 9, "model": "bookmarks.bookmark", "fields": {"link": 10, "user": 5, "title": "weibo"}}, {"pk": 10, "model": "bookmarks.bookmark", "fields": {"link": 11, "user": 5, "title": "https"}}, {"pk": 11, "model": "bookmarks.bookmark", "fields": {"link": 12, "user": 5, "title": "https_html"}}, {"pk": 12, "model": "bookmarks.bookmark", "fields": {"link": 13, "user": 5, "title": "456"}}, {"pk": 13, "model": "bookmarks.bookmark", "fields": {"link": 14, "user": 5, "title": "567"}}, {"pk": 14, "model": "bookmarks.bookmark", "fields": {"link": 15, "user": 5, "title": "JavaScript "}}, {"pk": 15, "model": "bookmarks.bookmark", "fields": {"link": 16, "user": 5, "title": "JavaScript "}}, {"pk": 16, "model": "bookmarks.bookmark", "fields": {"link": 17, "user": 5, "title": "12"}}, {"pk": 17, "model": "bookmarks.bookmark", "fields": {"link": 18, "user": 5, "title": "Python Tutorial"}}, {"pk": 1, "model": "bookmarks.tag", "fields": {"bookmarks": [1], "name": "book"}}, {"pk": 2, "model": "bookmarks.tag", "fields": {"bookmarks": [1], "name": "publisher"}}, {"pk": 3, "model": "bookmarks.tag", "fields": {"bookmarks": [2], "name": "navigation"}}, {"pk": 4, "model": "bookmarks.tag", "fields": {"bookmarks": [3, 4, 5], "name": "search"}}, {"pk": 5, "model": "bookmarks.tag", "fields": {"bookmarks": [], "name": "nav"}}, {"pk": 6, "model": "bookmarks.tag", "fields": {"bookmarks": [6], "name": "home"}}, {"pk": 7, "model": "bookmarks.tag", "fields": {"bookmarks": [7], "name": "solike"}}, {"pk": 8, "model": "bookmarks.tag", "fields": {"bookmarks": [8], "name": "news"}}, {"pk": 9, "model": "bookmarks.tag", "fields": {"bookmarks": [9], "name": "social"}}, {"pk": 10, "model": "bookmarks.tag", "fields": {"bookmarks": [10, 11], "name": "https"}}, {"pk": 11, "model": "bookmarks.tag", "fields": {"bookmarks": [11], "name": "html"}}, {"pk": 12, "model": "bookmarks.tag", "fields": {"bookmarks": [12, 13], "name": "JavaScript"}}, {"pk": 13, "model": "bookmarks.tag", "fields": {"bookmarks": [13, 15], "name": "Web"}}, {"pk": 14, "model": "bookmarks.tag", "fields": {"bookmarks": [14], "name": "JavaScript,hello"}}, {"pk": 15, "model": "bookmarks.tag", "fields": {"bookmarks": [], "name": "21312"}}, {"pk": 16, "model": "bookmarks.tag", "fields": {"bookmarks": [16], "name": "dsa"}}, {"pk": 17, "model": "bookmarks.tag", "fields": {"bookmarks": [17], "name": "python"}}, {"pk": 18, "model": "bookmarks.tag", "fields": {"bookmarks": [17], "name": "tutorial"}}, {"pk": 1, "model": "bookmarks.sharedbookmark", "fields": {"bookmark": 8, "date": "2013-08-26T13:09:04.875Z", "votes": 2, "user_voted": [1, 5]}}, {"pk": 2, "model": "bookmarks.sharedbookmark", "fields": {"bookmark": 9, "date": "2013-09-09T12:50:02.340Z", "votes": 1, "user_voted": [5]}}, {"pk": 3, "model": "bookmarks.sharedbookmark", "fields": {"bookmark": 10, "date": "2013-09-09T13:55:22.625Z", "votes": 1, "user_voted": [5]}}, {"pk": 4, "model": "bookmarks.sharedbookmark", "fields": {"bookmark": 11, "date": "2013-09-09T13:55:56.679Z", "votes": 1, "user_voted": [5]}}, {"pk": 5, "model": "bookmarks.sharedbookmark", "fields": {"bookmark": 12, "date": "2013-09-09T13:56:18.959Z", "votes": 1, "user_voted": [5]}}, {"pk": 6, "model": "bookmarks.sharedbookmark", "fields": {"bookmark": 13, "date": "2013-09-09T13:56:42.260Z", "votes": 1, "user_voted": [5]}}, {"pk": 7, "model": "bookmarks.sharedbookmark", "fields": {"bookmark": 14, "date": "2013-09-09T13:57:07.101Z", "votes": 1, "user_voted": [5]}}, {"pk": 8, "model": "bookmarks.sharedbookmark", "fields": {"bookmark": 15, "date": "2013-09-09T13:57:28.188Z", "votes": 1, "user_voted": [5]}}, {"pk": 9, "model": "bookmarks.sharedbookmark", "fields": {"bookmark": 17, "date": "2013-09-11T13:15:59.238Z", "votes": 1, "user_voted": [5]}}, {"pk": 1, "model": "bookmarks.friendship", "fields": {"to_friend": 2, "from_friend": 1}}, {"pk": 2, "model": "bookmarks.friendship", "fields": {"to_friend": 3, "from_friend": 1}}, {"pk": 3, "model": "bookmarks.friendship", "fields": {"to_friend": 1, "from_friend": 2}}, {"pk": 4, "model": "bookmarks.friendship", "fields": {"to_friend": 5, "from_friend": 1}}, {"pk": 5, "model": "bookmarks.friendship", "fields": {"to_friend": 1, "from_friend": 5}}, {"pk": 6, "model": "bookmarks.friendship", "fields": {"to_friend": 4, "from_friend": 1}}, {"pk": 7, "model": "bookmarks.friendship", "fields": {"to_friend": 1, "from_friend": 6}}, {"pk": 8, "model": "bookmarks.friendship", "fields": {"to_friend": 6, "from_friend": 1}}, {"pk": 1, "model": "bookmarks.invitation", "fields": {"code": "PBb5CJbkayAVENL75Rgg", "sender": 1, "name": "Jin", "email": "346379292@qq.com"}}, {"pk": 2, "model": "bookmarks.invitation", "fields": {"code": "nyrpcJej3BpqTByLevCG", "sender": 1, "name": "Jin", "email": "346379292@qq.com"}}, {"pk": 3, "model": "bookmarks.invitation", "fields": {"code": "3CCNENVwze75UepDkAvw", "sender": 1, "name": "lil", "email": "346379292@qq.com"}}, {"pk": 4, "model": "bookmarks.invitation", "fields": {"code": "cA8A5tncGCrpsCTHxT7X", "sender": 1, "name": "lil", "email": "346379292@qq.com"}}, {"pk": 5, "model": "bookmarks.invitation", "fields": {"code": "epJjDMxrCvgb4FVrv4tF", "sender": 1, "name": "lil", "email": "346379292@qq.com"}}, {"pk": 6, "model": "bookmarks.invitation", "fields": {"code": "PdEMKhew7bY7pf6trfPS", "sender": 1, "name": "346379292@qq.com", "email": "346379292@qq.com"}}, {"pk": 1, "model": "comments.comment", "fields": {"comment": "i love this", "user_url": "", "submit_date": "2013-09-01T01:26:19.506Z", "ip_address": "127.0.0.1", "object_pk": "1", "site": 1, "is_removed": false, "user": 5, "content_type": 10, "is_public": true, "user_name": "interlu", "user_email": "3463@qq.com"}}]